<?xml version="1.0" encoding="UTF-8"?>
<AHK_Studio>
	<Fonts>
		<Style11 Color="10130411" Bold="0" Font="DejaVu Sans Mono" Italic="0" Size="9" Underline="0"></Style11>
		<Style12 Color="0xFFFF" Bold="0" Font="DejaVu Sans Mono" Italic="0" Size="9" Underline="0"></Style12>
		<Style13 Color="65280"></Style13>
		<Style32 Background="0x1D160B" Color="8421376" Font="Tahoma" Size="9"></Style32>
		<Style33 Background="0x36342E" Color="0xF8F8F8"></Style33>
		<Stylefcc Color="0xFF"></Stylefcc>
		<Stylemasc Color="0xFF"></Stylemasc>
		<Style5 Color="0x80FF" Bold="0" Font="DejaVu Sans Mono" Italic="0" Size="9" Underline="0"></Style5>
		<Style10 Bold="0" Color="14719518" Font="DejaVu Sans Mono" Italic="0" Size="9" Underline="0"></Style10>
		<Style7 Color="2697711" Background="" Bold="0" Font="DejaVu Sans Mono" Italic="0" Size="9" Underline="0"></Style7>
		<Style3 Color="3794005" Bold="0" Font="DejaVu Sans Mono" Italic="0" Size="9" Underline="0"></Style3>
		<Style1 Color="0xE09A1E"></Style1>
		<Style2 Color="0x833AFF"></Style2>
		<Style9 Color="33023" Bold="0" Font="DejaVu Sans Mono" Italic="0" Size="9" Underline="0"></Style9>
		<Style4 Color="0x4FFF"></Style4>
		<Button>
			<State0 Background="0x36342E" Border="0x1D160B" Text="0xF8F8F8"></State0>
			<State1 Background="0x1D160B" Border="0x36342E" Text="0xFFFF"></State1>
		</Button>
		<Style2069 Color="0xA7A78B"></Style2069>
		<Stylessb Color="0x3D2E16"></Stylessb>
		<Keywords>
			<Keyword_List_1>a_ahkpath a_ahkversion a_appdata a_appdatacommon a_autotrim a_batchlines a_caretx a_carety a_computername a_controldelay a_cursor a_dd a_ddd a_dddd a_defaultmousespeed a_desktop a_desktopcommon a_detecthiddentext a_detecthiddenwindows a_endchar a_eventinfo a_exitreason a_formatfloat a_formatinteger a_gui a_guicontrol a_guicontrolevent a_guievent a_guiheight a_guiwidth a_guix a_guiy a_hour a_iconfile a_iconhidden a_iconnumber a_icontip a_index a_ipaddress1 a_ipaddress2 a_ipaddress3 a_ipaddress4 a_isadmin a_iscompiled a_iscritical a_ispaused a_issuspended a_isunicode a_keydelay a_language a_lasterror a_linefile a_linenumber a_loopfield a_loopfileattrib a_loopfiledir a_loopfileext a_loopfilefullpath a_loopfilelongpath a_loopfilename a_loopfileshortname a_loopfileshortpath a_loopfilesize a_loopfilesizekb a_loopfilesizemb a_loopfiletimeaccessed a_loopfiletimecreated a_loopfiletimemodified a_loopreadline a_loopregkey a_loopregname a_loopregsubkey a_loopregtimemodified a_loopregtype a_mday a_min a_mm a_mmm a_mmmm a_mon a_mousedelay a_msec a_mydocuments a_now a_nowutc a_numbatchlines a_ostype a_osversion a_priorhotkey a_programfiles a_programs a_programscommon a_ptrsize a_screenheight a_screenwidth a_scriptdir a_scriptfullpath a_scriptname a_sec a_space a_startmenu a_startmenucommon a_startup a_startupcommon a_stringcasesense a_tab a_temp a_thisfunc a_thishotkey a_thislabel a_thismenu a_thismenuitem a_thismenuitempos a_tickcount a_timeidle a_timeidlephysical a_timesincepriorhotkey a_timesincethishotkey a_titlematchmode a_titlematchmodespeed a_username a_wday a_windelay a_windir a_workingdir a_yday a_year a_yweek a_yyyy</Keyword_List_1>
			<Keyword_List_2>%a_ahkpath% %a_ahkversion% %a_appdata% %a_appdatacommon% %a_autotrim% %a_batchlines% %a_caretx% %a_carety% %a_computername% %a_controldelay% %a_cursor% %a_dd% %a_ddd% %a_dddd% %a_defaultmousespeed% %a_desktop% %a_desktopcommon% %a_detecthiddentext% %a_detecthiddenwindows% %a_endchar% %a_eventinfo% %a_exitreason% %a_formatfloat% %a_formatinteger% %a_gui% %a_guicontrol% %a_guicontrolevent% %a_guievent% %a_guiheight% %a_guiwidth% %a_guix% %a_guiy% %a_hour% %a_iconfile% %a_iconhidden% %a_iconnumber% %a_icontip% %a_index% %a_ipaddress1% %a_ipaddress2% %a_ipaddress3% %a_ipaddress4% %a_isadmin% %a_iscompiled% %a_iscritical% %a_ispaused% %a_issuspended% %a_isunicode% %a_keydelay% %a_language% %a_lasterror% %a_linefile% %a_linenumber% %a_loopfield% %a_loopfileattrib% %a_loopfiledir% %a_loopfileext% %a_loopfilefullpath% %a_loopfilelongpath% %a_loopfilename% %a_loopfileshortname% %a_loopfileshortpath% %a_loopfilesize% %a_loopfilesizekb% %a_loopfilesizemb% %a_loopfiletimeaccessed% %a_loopfiletimecreated% %a_loopfiletimemodified% %a_loopreadline% %a_loopregkey% %a_loopregname% %a_loopregsubkey% %a_loopregtimemodified% %a_loopregtype% %a_mday% %a_min% %a_mm% %a_mmm% %a_mmmm% %a_mon% %a_mousedelay% %a_msec% %a_mydocuments% %a_now% %a_nowutc% %a_numbatchlines% %a_ostype% %a_osversion% %a_priorhotkey% %a_programfiles% %a_programs% %a_programscommon% %a_ptrsize% %a_screenheight% %a_screenwidth% %a_scriptdir% %a_scriptfullpath% %a_scriptname% %a_sec% %a_space% %a_startmenu% %a_startmenucommon% %a_startup% %a_startupcommon% %a_stringcasesense% %a_tab% %a_temp% %a_thisfunc% %a_thishotkey% %a_thislabel% %a_thismenu% %a_thismenuitem% %a_thismenuitempos% %a_tickcount% %a_timeidle% %a_timeidlephysical% %a_timesincepriorhotkey% %a_timesincethishotkey% %a_titlematchmode% %a_titlematchmodespeed% %a_username% %a_wday% %a_windelay% %a_windir% %a_workingdir% %a_yday% %a_year% %a_yweek% %a_yyyy%</Keyword_List_2>
		</Keywords>
		<Style14 Color="255" Bold="0" Font="DejaVu Sans Mono" Italic="1" Size="9" Underline="1"></Style14>
		<Style15 Color="255" Bold="0" Font="DejaVu Sans Mono" Italic="1" Size="9" Underline="1"></Style15>
	</Fonts>
</AHK_Studio>
